City_ID,City,Lat,Lng,Max Temp,Humidity,Cloudiness,Wind Speed,Country,Date
0,Saipan,15.1355,145.701,29.39,100,100,8.75,MP,2023-04-22 03:28:07
1,College,64.8569,-147.8028,6.97,49,100,1.54,US,2023-04-22 03:29:31
2,Port-Aux-Francais,-49.35,70.2167,4.88,71,86,7.99,TF,2023-04-22 03:29:31
3,Polyarnyy,69.1989,33.4478,-3.71,78,96,6.91,RU,2023-04-22 03:29:32
4,Burang,30.25,81.1667,-5.85,79,48,1.7,CN,2023-04-22 03:29:32
5,Slave Lake,55.2834,-114.769,3.99,45,100,4.63,CA,2023-04-22 03:29:33
6,Kavaratti,10.5669,72.642,28.81,71,11,3.83,IN,2023-04-22 03:29:34
7,Bethel,41.3712,-73.414,11.47,79,100,4.12,US,2023-04-22 03:25:48
8,Blackmans Bay,-43.0167,147.3167,19.18,60,99,3.03,AU,2023-04-22 03:29:35
9,Villa Huidobro,-34.8383,-64.5869,13.15,71,0,1.35,AR,2023-04-22 03:29:35
10,Hermanus,-34.4187,19.2345,11.56,68,100,2.83,ZA,2023-04-22 03:29:36
11,Hithadhoo,-0.6,73.0833,29.22,73,69,4.01,MV,2023-04-22 03:29:37
12,Ambodifotatra,-16.9833,49.85,24.03,100,40,0.0,MG,2023-04-22 03:29:37
13,Slobozia,46.7281,29.7078,6.26,93,98,3.24,MD,2023-04-22 03:29:38
14,Nyagan,62.1406,65.3936,0.23,100,100,0.97,RU,2023-04-22 03:29:39
15,Siniscola,40.5719,9.6922,5.75,58,52,1.28,IT,2023-04-22 03:29:39
16,Hell-Ville,-13.4,48.2667,24.93,82,40,0.0,MG,2023-04-22 03:29:40
17,La Ronge,55.1001,-105.2842,2.14,35,75,0.51,CA,2023-04-22 03:29:40
18,Kingscliff,-28.2667,153.5667,24.95,57,75,8.75,AU,2023-04-22 03:29:41
19,Yellowknife,62.456,-114.3525,2.29,64,75,2.57,CA,2023-04-22 03:29:42
20,Klyuchi,52.2667,79.1667,2.5,50,2,3.31,RU,2023-04-22 03:29:42
21,Grytviken,-54.2811,-36.5092,2.87,97,100,5.3,GS,2023-04-22 03:26:09
22,Port Elizabeth,-33.918,25.5701,14.16,81,0,1.03,ZA,2023-04-22 03:29:44
23,Castillos,-34.1667,-53.8333,15.22,87,100,3.31,UY,2023-04-22 03:29:44
24,Enewetak,11.3474,162.3373,25.88,83,100,7.09,MH,2023-04-22 03:29:45
25,Geraldton,-28.7667,114.6,29.23,23,85,8.23,AU,2023-04-22 03:29:45
26,Dunedin,-45.8742,170.5036,16.3,65,56,0.84,NZ,2023-04-22 03:29:46
27,Horsham,51.064,-0.3272,5.91,89,94,0.51,GB,2023-04-22 03:29:47
28,Waitangi,-43.9535,-176.5597,16.57,90,100,3.13,NZ,2023-04-22 03:26:18
29,Pemba,-12.974,40.5178,25.39,94,20,3.09,MZ,2023-04-22 03:29:48
30,Ancud,-41.8697,-73.8203,9.87,85,0,1.28,CL,2023-04-22 03:29:49
31,Isafjordur,66.0755,-23.124,-1.0,74,11,3.0,IS,2023-04-22 03:26:44
32,Ribeira Grande,38.5167,-28.7,16.48,93,98,7.5,PT,2023-04-22 03:29:50
33,Iqaluit,63.7506,-68.5145,-1.15,100,100,3.09,CA,2023-04-22 03:29:51
34,Sabha,27.0377,14.4283,23.41,15,39,3.41,LY,2023-04-22 03:29:51
35,Guerrero Negro,27.9769,-114.0611,17.06,65,3,5.95,MX,2023-04-22 03:29:52
36,Loei,17.4167,101.5,28.95,30,0,1.09,TH,2023-04-22 03:29:53
37,Tiksi,71.6872,128.8694,-13.44,87,91,1.46,RU,2023-04-22 03:29:53
38,Olonkinbyen,70.9221,-8.7187,-3.42,59,6,6.2,SJ,2023-04-22 03:29:55
39,Bereznik,62.8551,42.7072,1.41,99,100,1.85,RU,2023-04-22 03:29:56
40,Conchas,-23.0153,-48.0106,13.11,95,0,2.7,BR,2023-04-22 03:29:56
41,Talnakh,69.4865,88.3972,-3.77,83,86,4.8,RU,2023-04-22 03:29:57
42,Sao Joao Da Barra,-21.6403,-41.0511,21.59,76,49,2.81,BR,2023-04-22 03:29:58
43,Port Alfred,-33.5906,26.891,15.66,82,100,3.64,ZA,2023-04-22 03:29:58
44,Edinburgh Of The Seven Seas,-37.0676,-12.3116,17.82,87,43,15.52,SH,2023-04-22 03:25:38
45,Penhalonga,-18.8911,32.6978,14.18,97,100,0.87,ZW,2023-04-22 03:30:00
46,Stanley,54.868,-1.6985,7.61,92,100,4.28,GB,2023-04-22 03:25:42
47,Albany,42.6001,-73.9662,14.96,57,83,1.79,US,2023-04-22 03:25:33
48,West Island,-12.1568,96.8225,28.99,74,40,6.17,CC,2023-04-22 03:29:47
49,Adamstown,-25.066,-130.1015,24.73,84,100,8.4,PN,2023-04-22 03:26:15
50,Halabjah,35.1778,45.9861,18.65,49,3,1.13,IQ,2023-04-22 03:30:04
51,Songwa,-3.5167,33.5167,19.06,82,100,2.44,TZ,2023-04-22 03:30:05
52,Atherton,53.5237,-2.4935,8.49,92,100,0.75,GB,2023-04-22 03:30:06
53,Hamilton,39.1834,-84.5333,10.43,93,100,4.12,US,2023-04-22 03:30:07
54,Longyearbyen,78.2186,15.6401,-14.09,56,20,4.63,SJ,2023-04-22 03:25:37
55,Bredasdorp,-34.5322,20.0403,11.73,74,100,0.96,ZA,2023-04-22 03:26:26
56,Villamontes,-21.25,-63.5,17.19,81,0,1.35,BO,2023-04-22 03:30:08
57,Kodiak,57.79,-152.4072,9.73,40,0,3.6,US,2023-04-22 03:26:06
58,Puerto Ayora,-0.7393,-90.3518,26.42,92,14,2.68,EC,2023-04-22 03:25:39
59,Abdulino,53.7,53.6667,8.7,75,100,3.9,RU,2023-04-22 03:30:12
60,Gebeit,21.0667,36.3167,22.83,57,0,1.18,SD,2023-04-22 03:30:13
61,Independence,39.0911,-94.4155,8.94,45,0,3.09,US,2023-04-22 03:30:14
62,Papatowai,-46.5619,169.4708,18.12,74,95,4.18,NZ,2023-04-22 03:30:14
63,Puerto Natales,-51.7236,-72.4875,2.84,88,100,2.08,CL,2023-04-22 03:30:15
64,Talakan,50.3167,130.3667,6.03,47,68,4.43,RU,2023-04-22 03:30:16
65,General Acha,-37.377,-64.6043,14.28,59,24,6.05,AR,2023-04-22 03:30:16
66,Hilo,19.7297,-155.09,27.93,81,20,7.2,US,2023-04-22 03:30:17
67,Vorkuta,67.5,64.0,-2.64,95,100,4.3,RU,2023-04-22 03:30:18
68,Qaqortoq,60.7167,-46.0333,0.62,65,6,1.19,GL,2023-04-22 03:30:18
69,Cannonvale,-20.2833,148.7,24.66,74,79,9.49,AU,2023-04-22 03:30:20
70,Aginskoye,51.1,114.53,2.63,15,6,3.85,RU,2023-04-22 03:30:21
71,Iskateley,67.6803,53.1512,-6.6,90,54,2.12,RU,2023-04-22 03:30:22
72,Aasiaat,68.7098,-52.8699,-8.0,89,46,3.39,GL,2023-04-22 03:30:23
73,Arzachena,41.0769,9.3887,5.69,55,71,1.05,IT,2023-04-22 03:30:24
74,Ilulissat,69.2167,-51.1,-1.99,86,20,0.0,GL,2023-04-22 03:30:24
75,Extrema,-22.8547,-46.3183,10.68,95,4,1.78,BR,2023-04-22 03:30:25
76,Katsuren-Haebaru,26.3369,127.8719,24.01,77,75,6.17,JP,2023-04-22 03:30:26
77,New London,41.4834,-72.0662,10.45,79,88,2.24,US,2023-04-22 03:30:26
78,Keflavik,64.0049,-22.5624,4.95,87,100,5.14,IS,2023-04-22 03:30:27
79,Wailua Homesteads,22.0669,-159.378,26.24,83,0,3.09,US,2023-04-22 03:25:54
80,Khorugh,37.4897,71.553,1.39,42,0,0.71,TJ,2023-04-22 03:30:24
81,Oranjemund,-28.55,16.4333,10.68,85,13,1.89,NA,2023-04-22 03:30:07
82,Tokar,18.4254,37.729,26.47,72,50,2.81,SD,2023-04-22 03:30:30
83,Andergrove,-21.0833,149.1833,28.14,70,90,8.95,AU,2023-04-22 03:30:31
84,Port Mathurin,-19.6833,63.4167,26.08,78,79,8.22,MU,2023-04-22 03:30:32
85,Codrington,-38.2667,141.9667,19.48,59,43,4.49,AU,2023-04-22 03:30:32
86,Vernal,40.4555,-109.5287,5.84,70,100,3.6,US,2023-04-22 03:30:34
87,Ushuaia,-54.8,-68.3,3.81,75,20,2.06,AR,2023-04-22 03:26:17
88,Las Terrenas,19.311,-69.5428,22.79,90,98,0.58,DO,2023-04-22 03:30:35
89,Bukittinggi,-0.3091,100.3706,24.56,81,31,0.33,ID,2023-04-22 03:30:35
90,Hoa Binh,20.8133,105.3383,34.64,49,94,1.84,VN,2023-04-22 03:27:41
91,Whitehorse,60.7161,-135.0538,7.43,36,20,4.63,CA,2023-04-22 03:30:37
92,Nuevo Imperial,-13.0754,-76.3172,21.11,88,55,0.89,PE,2023-04-22 03:30:37
93,Bilibino,68.0546,166.4372,1.51,92,6,0.73,RU,2023-04-22 03:30:38
94,Tidjikja,18.5564,-11.4271,26.39,20,97,4.9,MR,2023-04-22 03:30:38
95,Itoman,26.1247,127.6694,24.01,81,75,9.26,JP,2023-04-22 03:30:39
96,Suklayin,15.7574,121.5503,31.23,60,55,2.52,PH,2023-04-22 03:30:40
97,Sisimiut,66.9395,-53.6735,-2.61,86,86,2.97,GL,2023-04-22 03:30:40
98,Petrozavodsk,61.7849,34.3469,-1.3,93,100,0.0,RU,2023-04-22 03:30:41
99,Kapa'A,22.0752,-159.319,26.99,83,0,3.09,US,2023-04-22 03:30:41
100,Ceeldheer,3.8488,47.1806,29.0,75,53,6.35,SO,2023-04-22 03:30:42
101,Santa Ana,33.7456,-117.8678,26.98,34,20,3.6,US,2023-04-22 03:30:43
102,Punta Arenas,-53.15,-70.9167,6.06,70,75,7.72,CL,2023-04-22 03:30:43
103,Puerto Armuelles,8.2833,-82.8667,24.99,83,91,2.33,PA,2023-04-22 03:30:44
104,Hawaiian Paradise Park,19.5933,-154.9731,26.73,80,20,7.2,US,2023-04-22 03:30:44
105,Atafu Village,-8.5421,-172.5159,29.08,73,10,4.31,TK,2023-04-22 03:30:45
106,Margaret River,-33.95,115.0667,23.74,37,0,2.62,AU,2023-04-22 03:30:46
107,Homer,59.6425,-151.5483,9.33,67,0,2.68,US,2023-04-22 03:30:46
108,Gaspe,48.8334,-64.4819,0.95,100,0,2.06,CA,2023-04-22 03:30:47
109,Tralee,52.2704,-9.7026,5.06,95,50,2.22,IE,2023-04-22 03:30:48
110,Al Bawiti,28.3492,28.8659,16.06,57,99,4.59,EG,2023-04-22 03:30:48
111,Avarua,-21.2078,-159.775,25.03,83,100,2.57,CK,2023-04-22 03:29:55
112,Tangwani,28.2787,68.9972,30.83,17,0,5.41,PK,2023-04-22 03:30:49
113,Tocopilla,-22.092,-70.1979,19.79,72,49,1.34,CL,2023-04-22 03:30:50
114,Yung Shue Wan,22.2333,114.1167,26.3,84,100,8.77,HK,2023-04-22 03:30:51
115,Happy Valley-Goose Bay,53.3168,-60.3315,0.17,80,20,3.09,CA,2023-04-22 03:30:51
116,Galle,6.0367,80.217,29.06,76,85,2.92,LK,2023-04-22 03:29:27
117,Suntar,62.1444,117.6319,0.57,68,37,1.88,RU,2023-04-22 03:30:53
118,Pisco,-13.7,-76.2167,22.03,83,100,6.17,PE,2023-04-22 03:30:53
119,Santa Elena De Uairen,4.6167,-61.1333,20.65,91,100,0.73,VE,2023-04-22 03:30:54
120,Tot'Ma,59.9747,42.7642,4.95,83,84,0.55,RU,2023-04-22 03:30:54
121,Al Majaridah,19.1236,41.9111,28.69,48,3,1.37,SA,2023-04-22 03:30:55
122,Petropavlovsk-Kamchatsky,53.0452,158.6483,3.21,70,75,8.0,RU,2023-04-22 03:29:21
123,Troitskoye,52.9821,84.6757,1.6,81,77,3.19,RU,2023-04-22 03:30:56
124,Chonchi,-42.6128,-73.8092,10.62,90,84,0.65,CL,2023-04-22 03:30:58
125,Aljezur,37.3191,-8.8033,12.19,88,96,2.48,PT,2023-04-22 03:30:59
126,Richfield,44.8833,-93.283,1.43,82,100,4.12,US,2023-04-22 03:31:00
127,Bengkulu,-3.8004,102.2655,28.85,69,47,1.3,ID,2023-04-22 03:29:18
128,Aral,40.5156,81.2636,16.75,25,100,4.06,CN,2023-04-22 03:31:01
129,Sao Vicente,-23.9631,-46.3919,21.66,26,9,1.6,BR,2023-04-22 03:31:03
130,Cabedelo,-6.9811,-34.8339,25.37,75,100,5.24,BR,2023-04-22 03:31:04
131,Hazaribagh,23.9833,85.35,31.37,22,89,2.85,IN,2023-04-22 03:27:32
132,Ponta Delgada,37.7333,-25.6667,16.4,94,75,7.72,PT,2023-04-22 03:31:05
133,Nenjiang,49.1833,125.2167,5.5,30,78,7.01,CN,2023-04-22 03:31:06
134,Mhamid,29.82,-5.72,20.64,39,2,4.33,MA,2023-04-22 03:31:06
135,Minas De Marcona,-15.2119,-75.1103,16.89,80,19,2.61,PE,2023-04-22 03:31:07
136,Crane,31.3974,-102.3501,19.13,11,2,3.19,US,2023-04-22 03:31:07
137,Sitka,57.0531,-135.33,7.94,76,100,3.6,US,2023-04-22 03:31:08
138,Dakhla,23.6848,-15.958,18.54,81,67,6.92,EH,2023-04-22 03:31:09
139,Taksimo,56.3444,114.8794,-0.31,28,18,0.79,RU,2023-04-22 03:31:09
140,Fortuna,40.5982,-124.1573,12.18,92,96,0.45,US,2023-04-22 03:31:10
141,Whangarei,-35.7317,174.3239,20.87,96,100,2.2,NZ,2023-04-22 03:29:38
142,Terrace,54.5163,-128.6035,10.95,43,100,4.63,CA,2023-04-22 03:31:11
143,Arraial Do Cabo,-22.9661,-42.0278,21.12,79,0,2.03,BR,2023-04-22 03:26:58
144,Thames,-37.1333,175.5333,19.39,99,100,4.48,NZ,2023-04-22 03:31:13
145,Agadez,19.75,10.25,27.09,14,29,5.56,NE,2023-04-22 03:31:14
146,San Patricio,28.017,-97.5169,23.24,66,53,4.02,US,2023-04-22 03:31:15
147,Invercargill,-46.4,168.35,15.22,82,92,5.35,NZ,2023-04-22 03:30:08
148,Mumford,5.2618,-0.759,26.93,84,100,4.49,GH,2023-04-22 03:31:17
149,Tolanaro,-25.0319,46.9987,20.04,88,20,2.06,MG,2023-04-22 03:31:17
150,Basoko,1.2391,23.616,21.2,97,100,1.68,CD,2023-04-22 03:31:18
151,Maumere,-8.6199,122.2111,28.78,58,9,1.12,ID,2023-04-22 03:31:18
152,Pimentel,-6.8367,-79.9342,26.16,65,75,1.54,PE,2023-04-22 03:31:20
153,Tazovsky,67.4667,78.7,-0.25,98,100,3.92,RU,2023-04-22 03:31:20
154,Sortavala,61.7053,30.6918,2.18,98,85,1.14,RU,2023-04-22 03:31:21
155,Piste,20.7,-88.5833,25.18,72,83,2.18,MX,2023-04-22 03:31:22
156,La Passe,45.5549,-0.8967,15.13,88,100,4.15,FR,2023-04-22 03:31:22
157,Batticaloa,7.7102,81.6924,28.93,70,41,2.07,LK,2023-04-22 03:31:23
158,Port Lincoln,-34.7333,135.8667,20.89,54,0,1.94,AU,2023-04-22 03:31:24
159,Vorgashor,67.5833,63.95,-2.78,95,100,4.35,RU,2023-04-22 03:31:24
160,Flying Fish Cove,-10.4217,105.6791,27.43,76,67,6.93,CX,2023-04-22 03:31:25
161,Serov,59.6033,60.5787,8.19,53,93,0.91,RU,2023-04-22 03:31:26
162,Viamao,-30.0811,-51.0233,16.84,91,0,3.6,BR,2023-04-22 03:31:26
163,Jamestown,42.097,-79.2353,13.9,89,100,4.63,US,2023-04-22 03:31:27
164,Weno,7.4515,151.8468,29.06,71,100,3.65,FM,2023-04-22 03:31:28
165,Fale Old Settlement,-9.3852,-171.2468,28.92,75,14,5.48,TK,2023-04-22 03:31:28
166,Idri,27.5,13.2667,20.59,16,5,0.99,LY,2023-04-22 03:31:29
167,Saint-Francois,46.4154,3.9054,10.69,66,100,3.6,FR,2023-04-22 03:31:29
168,Taesal-Li,36.9714,126.4542,13.42,47,87,2.85,KR,2023-04-22 03:31:30
169,General Mosconi,-23.1851,-62.303,16.87,68,0,4.53,AR,2023-04-22 03:31:31
170,Lakatoro,-16.0999,167.4164,29.14,67,12,3.73,VU,2023-04-22 03:31:31
171,Aykhal,66.0,111.5,-5.28,80,100,4.64,RU,2023-04-22 03:31:32
172,Recreo,-29.2818,-65.061,21.07,51,100,3.6,AR,2023-04-22 03:31:33
173,Kenai,60.5544,-151.2583,13.05,46,0,3.09,US,2023-04-22 03:31:33
174,Skovorodino,53.9833,123.9167,2.01,39,100,4.98,RU,2023-04-22 03:31:34
175,Namsos,64.4662,11.4957,6.03,93,100,0.0,NO,2023-04-22 03:31:35
176,Mwatate,-3.5029,38.3795,20.91,92,100,2.82,KE,2023-04-22 03:31:35
177,Tazacorte,28.629,-17.9293,18.54,85,0,2.06,ES,2023-04-22 03:31:36
178,Lihue,21.9789,-159.3672,26.58,80,0,3.09,US,2023-04-22 03:31:37
179,Vanadzor,40.8046,44.4939,8.81,60,29,1.79,AM,2023-04-22 03:31:37
180,Mandalgovi,45.7625,106.2708,4.22,21,12,6.19,MN,2023-04-22 03:31:38
181,Guadalupe Y Calvo,26.1,-106.9667,10.03,33,19,1.98,MX,2023-04-22 03:31:39
182,Alofi,-19.0595,-169.9187,26.94,61,2,4.12,NU,2023-04-22 03:31:39
183,Tobruk,32.0836,23.9764,18.4,53,96,5.02,LY,2023-04-22 03:31:40
184,Sarmiento,-45.5882,-69.07,9.23,64,3,0.83,AR,2023-04-22 03:31:40
185,Saint-Philippe,-21.3585,55.7679,24.77,76,26,3.11,RE,2023-04-22 03:31:41
186,Borkum,53.5809,6.6915,10.97,93,55,6.88,DE,2023-04-22 03:31:42
187,Bredy,52.4153,60.3411,10.67,50,100,7.55,RU,2023-04-22 03:31:43
188,Obo,5.3998,26.4869,22.37,82,100,2.7,CF,2023-04-22 03:31:43
189,Carauari,-4.8828,-66.8958,23.03,99,100,1.27,BR,2023-04-22 03:31:44
190,Cozumel,20.5083,-86.9458,23.86,89,13,4.24,MX,2023-04-22 03:31:44
191,Manadhoo,5.7667,73.3833,29.13,67,18,2.34,MV,2023-04-22 03:31:46
192,Bernay,49.1667,0.6667,6.9,82,99,2.95,FR,2023-04-22 03:31:46
193,Ust-Nera,64.5667,143.2,-0.62,83,87,1.8,RU,2023-04-22 03:26:57
194,Alice Springs,-23.7,133.8833,24.75,29,0,7.72,AU,2023-04-22 03:31:48
195,Aleksandrovsk-Sakhalinskiy,50.8975,142.1561,0.63,94,100,8.48,RU,2023-04-22 03:31:48
196,Hobyo,5.3505,48.5268,29.27,73,99,6.05,SO,2023-04-22 03:31:49
197,Charters Towers,-20.1,146.2667,29.57,35,79,6.85,AU,2023-04-22 03:31:50
198,Udachny,66.4167,112.4,-4.23,78,100,4.93,RU,2023-04-22 03:31:51
199,Lompoc,34.6391,-120.4579,23.08,80,0,5.66,US,2023-04-22 03:31:52
200,Dubbo,-32.25,148.6167,22.07,46,40,6.69,AU,2023-04-22 03:28:25
201,Bol'Sherech'Ye,56.0925,74.6272,6.52,51,96,6.54,RU,2023-04-22 03:31:54
202,Les Anglais,18.3054,-74.2197,23.79,81,6,1.62,HT,2023-04-22 03:31:54
203,Gwadar,25.1216,62.3254,27.64,56,0,4.32,PK,2023-04-22 03:31:55
204,Kristiansund,63.1115,7.732,4.36,87,0,1.03,NO,2023-04-22 03:31:55
205,Mirny,62.5353,113.9611,-1.41,77,49,1.65,RU,2023-04-22 03:31:56
206,Suleja,9.1758,7.1808,24.91,78,100,1.34,NG,2023-04-22 03:31:57
207,Bonthe,7.5264,-12.505,26.67,82,92,3.57,SL,2023-04-22 03:31:57
208,Illizi,26.4833,8.4667,22.78,18,2,3.5,DZ,2023-04-22 03:31:58
209,Constantia,44.1833,28.65,4.38,88,5,5.4,RO,2023-04-22 03:31:59
210,Mali,12.079,-12.2982,20.61,34,99,1.76,GN,2023-04-22 03:31:59
211,Dampit,-8.2116,112.7493,28.97,63,80,2.33,ID,2023-04-22 03:32:00
212,Auch,43.65,0.5833,14.13,68,100,0.89,FR,2023-04-22 03:32:01
213,Lazarevskoye,43.9061,39.3331,10.63,94,100,5.15,RU,2023-04-22 03:32:02
214,Cockburn Town,21.4612,-71.1419,25.27,68,35,3.8,TC,2023-04-22 03:32:02
215,Gorgan,36.8387,54.4348,14.98,82,0,0.0,IR,2023-04-22 03:32:03
216,Gadzhiyevo,69.2551,33.3362,-3.89,74,92,6.77,RU,2023-04-22 03:32:04
217,Sidi Salim,31.271,30.7867,14.36,81,97,2.67,EG,2023-04-22 03:32:04
218,Lebu,-37.6167,-73.65,11.94,93,19,4.32,CL,2023-04-22 03:32:05
219,Port Augusta,-32.5,137.7667,24.87,32,0,2.66,AU,2023-04-22 03:32:05
220,Aswan,24.0934,32.907,22.47,20,44,3.61,EG,2023-04-22 03:32:06
221,Moriki,12.8741,6.4875,27.09,41,58,3.83,NG,2023-04-22 03:32:07
222,Anadyr,64.75,177.4833,-5.72,86,20,2.0,RU,2023-04-22 03:31:02
223,Berdigestyakh,62.0989,126.6992,-1.0,79,100,3.35,RU,2023-04-22 03:32:09
224,Villa Gesell,-37.2639,-56.973,11.7,55,100,4.32,AR,2023-04-22 03:32:09
225,Sena Madureira,-9.0656,-68.6569,22.18,99,100,0.99,BR,2023-04-22 03:32:10
226,Paita,-5.0892,-81.1144,25.75,83,100,4.91,PE,2023-04-22 03:32:11
227,Nova Sintra,14.8667,-24.7167,19.53,77,9,8.02,CV,2023-04-22 03:32:12
228,Bubaque,11.2833,-15.8333,26.64,63,99,8.18,GW,2023-04-22 03:32:12
229,Nianzishan,47.5167,122.8833,8.66,13,27,6.31,CN,2023-04-22 03:32:13
230,Praia Da Vitoria,38.7333,-27.0667,17.14,88,40,6.28,PT,2023-04-22 03:32:14
231,Cruz Grande,16.7333,-99.1333,24.91,73,72,0.99,MX,2023-04-22 03:32:14
232,Kasson,44.03,-92.7507,0.25,84,0,4.63,US,2023-04-22 03:32:15
233,Sarankhola,22.3082,89.7897,34.82,41,23,2.25,BD,2023-04-22 03:32:16
234,Filadelfia,39.9523,-75.1638,17.13,89,20,5.14,US,2023-04-22 03:32:16
235,Nong Chik,6.8436,101.178,32.8,56,100,1.44,TH,2023-04-22 03:32:17
236,Al Hazm,16.1641,44.7769,24.29,42,38,4.25,YE,2023-04-22 03:29:46
237,Macapa,0.0389,-51.0664,25.99,100,40,1.54,BR,2023-04-22 03:32:18
238,Todos Santos,23.45,-110.2167,20.37,75,94,2.67,MX,2023-04-22 03:32:19
239,Genhe,50.7833,121.5167,0.55,49,100,5.06,CN,2023-04-22 03:32:06
240,Catia La Mar,10.6038,-67.0303,27.5,88,100,1.54,VE,2023-04-22 03:32:20
241,Fort St. John,56.2499,-120.8529,4.94,48,75,2.57,CA,2023-04-22 03:32:21
242,Mcminnville,45.2101,-123.1987,12.6,85,100,1.54,US,2023-04-22 03:32:21
243,Caleta De Carquin,-11.0925,-77.6267,23.47,81,57,5.02,PE,2023-04-22 03:32:22
244,El Bolson,-41.9667,-71.5167,7.35,92,5,1.51,AR,2023-04-22 03:32:23
245,Xiva,41.3783,60.3639,13.99,16,95,7.21,UZ,2023-04-22 03:32:23
246,Multai,21.7667,78.25,29.22,24,77,3.02,IN,2023-04-22 03:32:24
247,Mejit,10.2753,170.8646,27.02,73,95,7.18,MH,2023-04-22 03:32:25
248,Mus,39.0,41.75,1.02,70,15,1.19,TR,2023-04-22 03:32:26
249,Port Moresby,-9.4431,147.1797,30.68,70,75,5.14,PG,2023-04-22 03:32:08
250,Mahina,-17.5065,-149.489,28.87,79,75,1.54,PF,2023-04-22 03:32:27
251,Yenisarbademli,37.7078,31.3864,9.32,68,100,1.85,TR,2023-04-22 03:32:27
252,Nemuro,43.3236,145.575,4.67,64,71,13.46,JP,2023-04-22 03:27:30
253,Garachico,28.7781,-17.7646,17.06,63,0,2.06,ES,2023-04-22 03:32:29
254,Swift Current,50.2834,-107.8014,-2.55,80,0,2.57,CA,2023-04-22 03:32:29
255,Selfoss,63.9331,-20.9971,3.86,74,98,1.75,IS,2023-04-22 03:32:30
256,Lepsy,46.235,78.9456,7.2,36,0,3.29,KZ,2023-04-22 03:32:31
257,Inarajan Village,13.2736,144.7484,29.54,90,91,6.7,GU,2023-04-22 03:32:31
258,Prince Rupert,54.3161,-130.3201,8.05,80,100,6.17,CA,2023-04-22 03:32:32
259,Tadine,-21.55,167.8833,26.97,71,4,4.62,NC,2023-04-22 03:32:33
260,Cabo San Lucas,22.8909,-109.9124,24.23,65,100,5.33,MX,2023-04-22 03:32:33
261,Santiago De Cao,-7.9589,-79.2392,23.07,78,100,0.0,PE,2023-04-22 03:32:34
262,Severo-Yeniseyskiy,60.3725,93.0408,-1.73,92,93,0.29,RU,2023-04-22 03:32:34
263,Dazhong,33.1997,120.4578,14.77,50,80,6.91,CN,2023-04-22 03:32:35
264,Novyy Urgal,51.0736,132.5642,6.17,48,100,0.66,RU,2023-04-22 03:32:36
265,Camacupa,-12.0167,17.4833,16.14,98,100,1.78,AO,2023-04-22 03:32:36
266,Jinshi,29.6049,111.8701,7.42,86,100,8.73,CN,2023-04-22 03:32:37
267,Anzio,41.4853,12.6179,14.52,74,12,1.72,IT,2023-04-22 03:32:38
268,St. John'S,47.5649,-52.7093,2.04,96,100,8.23,CA,2023-04-22 03:32:38
269,Aliade,7.2964,8.487,25.57,78,94,3.07,NG,2023-04-22 03:32:39
270,Egilsstadir,65.2653,-14.3948,-1.05,69,100,5.14,IS,2023-04-22 03:32:40
271,Utrik,11.2278,169.8474,27.02,75,20,7.44,MH,2023-04-22 03:32:40
272,San Antonio De Pale,-1.4014,5.6325,28.08,77,97,3.33,GQ,2023-04-22 03:32:41
273,Mzimba,-11.9,33.6,16.72,97,100,2.46,MW,2023-04-22 03:32:41
274,Zubtsov,56.1753,34.5894,6.87,84,99,2.2,RU,2023-04-22 03:32:42
275,Oak Island,33.9166,-78.1611,21.68,76,40,2.57,US,2023-04-22 03:32:43
276,Sinop,41.7711,34.8709,7.4,87,76,0.69,TR,2023-04-22 03:32:43
277,Kavieng,-2.5744,150.7967,28.79,77,56,4.65,PG,2023-04-22 03:32:44
278,Shingu,33.7333,135.9833,20.86,35,29,2.49,JP,2023-04-22 03:30:02
279,Port Shepstone,-30.7414,30.455,16.95,64,100,2.33,ZA,2023-04-22 03:32:45
280,Coquimbo,-29.9533,-71.3436,13.85,88,0,2.06,CL,2023-04-22 03:32:46
281,Fort Bragg,35.139,-79.006,20.46,65,0,5.14,US,2023-04-22 03:32:47
282,Qa'En,33.7265,59.1844,20.75,14,29,1.22,IR,2023-04-22 03:32:47
283,Jiazi,22.8779,116.067,23.14,83,99,6.87,CN,2023-04-22 03:32:48
284,Dickinson,29.4608,-95.0513,23.05,80,40,3.6,US,2023-04-22 03:32:50
285,Goondiwindi,-28.55,150.3167,25.78,34,0,2.74,AU,2023-04-22 03:32:51
286,Zaozersk,69.4005,32.4476,-5.98,80,88,2.92,RU,2023-04-22 03:32:51
287,Westport,41.1415,-73.3579,12.53,82,100,8.75,US,2023-04-22 03:32:52
288,Newman,37.3138,-121.0208,23.99,54,86,2.68,US,2023-04-22 03:32:53
289,Georgetown,5.4112,100.3354,30.97,74,20,3.6,MY,2023-04-22 03:32:54
290,Ikovka,55.6089,64.9375,10.51,62,100,5.13,RU,2023-04-22 03:32:54
291,Dhidhdhoo,6.8833,73.1,29.38,70,8,2.63,MV,2023-04-22 03:32:56
292,Quellon,-43.1167,-73.6167,8.14,100,100,0.0,CL,2023-04-22 03:32:56
293,Queenstown,-31.8976,26.8753,8.63,62,100,1.64,ZA,2023-04-22 03:30:06
294,East Ballina,-28.8667,153.5833,23.22,66,83,7.77,AU,2023-04-22 03:32:58
295,Labuan,5.2767,115.2417,31.2,70,20,1.54,MY,2023-04-22 03:32:16
296,Dudinka,69.4058,86.1778,-1.71,81,100,8.91,RU,2023-04-22 03:32:59
297,Tura,25.5198,90.2201,30.97,40,32,2.13,IN,2023-04-22 03:33:00
298,Fort-Shevchenko,44.5086,50.263,12.95,80,25,5.39,KZ,2023-04-22 03:33:00
299,New Norfolk,-42.7826,147.0587,19.84,58,100,2.68,AU,2023-04-22 03:33:01
300,Misratah,32.3754,15.0925,17.61,85,50,6.28,LY,2023-04-22 03:29:03
301,Road Town,18.4167,-64.6167,26.05,76,23,3.1,VG,2023-04-22 03:33:03
302,Ingelmunster,50.922,3.2621,6.21,92,97,1.76,BE,2023-04-22 03:33:04
303,Kone,-21.0595,164.8658,27.22,77,81,2.72,NC,2023-04-22 03:33:04
304,Princeville,45.7668,-61.2985,1.06,93,100,3.6,CA,2023-04-22 03:33:05
305,Dzhambeyty,50.2536,52.595,13.38,62,100,6.82,KZ,2023-04-22 03:33:07
306,Kourou,5.1552,-52.6478,24.03,94,100,2.79,GF,2023-04-22 03:33:07
307,Praia,14.9215,-23.5087,22.3,73,75,6.69,CV,2023-04-22 03:33:08
308,Ola,59.5833,151.2833,1.89,66,44,13.46,RU,2023-04-22 03:33:09
309,Muravlenko,63.7898,74.523,0.35,100,100,3.02,RU,2023-04-22 03:33:09
310,Porto Novo,6.4965,2.6036,28.9,86,100,3.24,BJ,2023-04-22 03:33:10
311,Uturoa,-16.7333,-151.4333,28.3,79,51,8.04,PF,2023-04-22 03:33:11
312,Plastun,44.7561,136.2939,10.34,36,46,6.73,RU,2023-04-22 03:33:11
313,Troitsko-Pechorsk,62.7084,56.1964,1.02,100,100,2.98,RU,2023-04-22 03:33:12
314,Uribia,11.7139,-72.266,26.22,77,98,3.24,CO,2023-04-22 03:33:13
315,Kaiapoi,-43.3783,172.6401,19.7,76,20,2.57,NZ,2023-04-22 03:33:13
316,Roccella Ionica,38.322,16.4009,13.61,77,3,2.4,IT,2023-04-22 03:33:14
317,Adoru,6.9766,7.1627,24.61,91,90,1.64,NG,2023-04-22 03:33:15
318,Kirakira,-10.4544,161.9205,29.56,72,17,3.96,SB,2023-04-22 03:33:16
319,Nadi,-17.8,177.4167,27.0,78,40,2.57,FJ,2023-04-22 03:33:17
320,East London,-33.0153,27.9116,14.52,88,0,4.12,ZA,2023-04-22 03:33:17
321,Ascension,30.2169,-90.9001,20.15,90,0,0.0,US,2023-04-22 03:33:18
322,Nadym,65.5333,72.5167,0.18,95,98,2.49,RU,2023-04-22 03:33:19
323,Olovyannaya,50.95,115.5667,2.89,14,3,5.89,RU,2023-04-22 03:33:19
324,Keminmaa,65.8596,24.8228,0.87,86,0,0.51,FI,2023-04-22 03:33:20
325,Antsiranana,-12.2787,49.2917,25.42,83,40,6.17,MG,2023-04-22 03:33:21
326,Papao,-17.75,-149.55,28.82,83,62,9.9,PF,2023-04-22 03:33:21
327,La'Ie,21.6477,-157.9253,27.98,83,42,3.72,US,2023-04-22 03:33:22
328,Bilmak,47.3624,36.6511,6.96,93,100,3.33,UA,2023-04-22 03:33:23
329,Mar Del Plata,-38.0023,-57.5575,16.08,79,0,3.09,AR,2023-04-22 03:33:23
330,Newport,51.5877,-2.9984,4.06,91,19,1.97,GB,2023-04-22 03:33:24
331,Taghazout,30.5426,-9.7112,14.43,78,1,0.58,MA,2023-04-22 03:33:25
332,Nuku'Alofa,-21.1333,-175.2,27.19,65,20,4.12,TO,2023-04-22 03:30:49
333,Tsiombe,-25.3,45.4833,20.67,91,89,1.83,MG,2023-04-22 03:33:26
334,Hadibu,12.65,54.0333,28.22,66,94,2.36,YE,2023-04-22 03:33:26
335,Olyokminsk,60.3736,120.4264,1.97,52,67,1.86,RU,2023-04-22 03:33:27
336,Lata,40.1629,-8.3327,8.84,96,24,1.01,PT,2023-04-22 03:33:28
337,Namibe,-15.1961,12.1522,25.32,83,100,2.75,AO,2023-04-22 03:29:16
338,Cullinan,-25.6709,28.5236,14.34,59,86,3.53,ZA,2023-04-22 03:33:29
339,Badger,64.8,-147.5333,6.93,44,100,1.54,US,2023-04-22 03:33:30
340,Glace Bay,46.1969,-59.957,2.1,89,0,7.72,CA,2023-04-22 03:33:30
341,Vilyuchinsk,52.9306,158.4028,3.15,98,100,10.79,RU,2023-04-22 03:33:31
342,Khandyga,62.6667,135.6,1.99,79,85,1.86,RU,2023-04-22 03:33:33
343,Osorno,-40.5667,-73.15,9.17,93,100,0.0,CL,2023-04-22 03:33:33
344,Bodaybo,57.8506,114.1933,-1.2,61,67,0.75,RU,2023-04-22 03:28:44
345,Thompson,55.7435,-97.8558,-0.91,55,20,3.6,CA,2023-04-22 03:33:35
346,Luanda,-8.8368,13.2343,26.0,94,75,1.54,AO,2023-04-22 03:33:36
347,Alesund,62.4723,6.1549,5.97,95,0,2.57,NO,2023-04-22 03:33:36
348,Lorengau,-2.0226,147.2712,28.7,76,53,1.9,PG,2023-04-22 03:33:37
349,Klaksvik,62.2266,-6.589,4.51,86,100,10.91,FO,2023-04-22 03:33:37
350,Delijan,33.9905,50.6838,17.92,34,86,0.97,IR,2023-04-22 03:33:39
351,Colonia,50.9333,6.95,11.57,87,0,2.06,DE,2023-04-22 03:33:40
352,Dano,11.15,-3.0667,31.56,33,86,3.38,BF,2023-04-22 03:33:40
353,Howrah,22.5892,88.3103,31.0,51,20,3.09,IN,2023-04-22 03:32:47
354,Juneau,58.3019,-134.4197,12.0,77,75,2.57,US,2023-04-22 03:31:29
355,Victorica,-36.2151,-65.4359,15.0,59,0,2.8,AR,2023-04-22 03:33:43
356,Omdurman,15.6445,32.4777,28.85,14,0,4.45,SD,2023-04-22 03:33:43
357,Savanna-La-Mar,18.219,-78.1332,25.97,84,41,1.05,JM,2023-04-22 03:33:44
358,Stephenville,32.2207,-98.2023,16.54,40,0,2.06,US,2023-04-22 03:33:45
359,Labrador City,52.9463,-66.9114,2.95,70,100,3.09,CA,2023-04-22 03:33:45
360,Pokhvistnevo,53.6524,52.1274,8.73,88,100,4.06,RU,2023-04-22 03:33:46
361,Nieuw Amsterdam,5.8833,-55.0833,25.01,91,100,2.92,SR,2023-04-22 03:33:46
362,Mangrol,21.1167,70.1167,28.45,62,4,5.99,IN,2023-04-22 03:33:47
363,Emerald,-23.5333,148.1667,27.97,40,0,7.35,AU,2023-04-22 03:33:48
364,Kirsanov,52.6549,42.7224,6.82,87,100,6.54,RU,2023-04-22 03:33:48
365,Conde,-7.2597,-34.9075,24.7,88,20,1.54,BR,2023-04-22 03:33:49
366,Olonets,60.9847,32.9698,4.61,89,44,1.22,RU,2023-04-22 03:33:49
367,Shrewsbury,52.7101,-2.7521,7.39,91,100,2.06,GB,2023-04-22 03:33:50
368,Bandarbeyla,9.4942,50.8122,28.68,64,69,3.81,SO,2023-04-22 03:33:51
369,Arkhangel'Sk,64.5401,40.5433,0.06,100,20,3.0,RU,2023-04-22 03:33:51
370,Mount Pearl,47.5166,-52.7813,1.58,96,100,8.23,CA,2023-04-22 03:33:53
371,Saint-Felicien,48.6501,-72.4491,2.38,93,100,0.0,CA,2023-04-22 03:33:53
372,Tubarjal,30.4999,38.216,17.77,34,98,4.2,SA,2023-04-22 03:33:54
373,Maxixe,-23.8597,35.3472,20.23,91,72,1.95,MZ,2023-04-22 03:33:55
374,Chengtangcun,35.0771,117.1518,11.51,43,100,3.9,CN,2023-04-22 03:30:49
375,Manggar,-2.8833,108.2667,30.31,66,62,4.05,ID,2023-04-22 03:33:57
376,Vila Franca Do Campo,37.7167,-25.4333,16.23,90,99,5.43,PT,2023-04-22 03:33:58
377,Carnarvon,-24.8667,113.6333,29.48,33,0,4.2,AU,2023-04-22 03:33:58
378,Whakatane,-37.9585,176.9854,20.99,99,100,2.68,NZ,2023-04-22 03:33:59
379,Kerman,30.2832,57.0788,11.92,43,0,3.09,IR,2023-04-22 03:34:00
380,Barrouallie,13.2333,-61.2667,24.47,81,100,3.45,VC,2023-04-22 03:34:00
381,Saint-Joseph,-21.3667,55.6167,24.21,76,29,0.88,RE,2023-04-22 03:34:01
382,Hafnarfjordur,64.0671,-21.9377,4.93,70,75,3.09,IS,2023-04-22 03:34:02
383,Maffra,-37.9667,146.9833,21.0,54,16,2.11,AU,2023-04-22 03:34:02
384,Chiquimulilla,14.0858,-90.3767,26.38,82,97,0.31,GT,2023-04-22 03:34:03
385,Ulladulla,-35.35,150.4667,24.32,59,0,3.26,AU,2023-04-22 03:34:04
386,Villa Dolores,-31.9459,-65.1896,15.93,62,100,1.31,AR,2023-04-22 03:34:04
387,Kailua-Kona,19.6406,-155.9956,28.49,80,0,3.6,US,2023-04-22 03:34:05
388,Acapulco De Juarez,16.8634,-99.8901,26.9,74,20,3.6,MX,2023-04-22 03:34:05
389,Ingeniero Jacobacci,-41.3427,-69.5448,9.53,62,0,0.84,AR,2023-04-22 03:34:06
390,Port Blair,11.6667,92.75,32.11,54,11,3.08,IN,2023-04-22 03:30:02
391,Katabu,-4.9333,122.5167,30.18,66,98,2.91,ID,2023-04-22 03:34:07
392,Manta,-0.95,-80.7333,25.88,83,75,2.06,EC,2023-04-22 03:34:08
393,Sechura,-5.5569,-80.8222,26.07,80,100,3.68,PE,2023-04-22 03:34:09
394,Luanshya,-13.1367,28.4166,17.99,92,100,1.64,ZM,2023-04-22 03:34:09
395,Belmonte,-15.8631,-38.8828,24.41,89,95,3.54,BR,2023-04-22 03:34:10
396,Howard Springs,-12.497,131.047,32.77,62,3,6.0,AU,2023-04-22 03:34:11
397,Boende,-0.2167,20.8667,20.75,99,100,0.8,CD,2023-04-22 03:34:11
398,Batie,9.8833,-2.9167,28.93,49,64,3.77,BF,2023-04-22 03:34:12
399,Pilona,43.35,-5.3667,10.66,90,80,1.9,ES,2023-04-22 03:34:13
400,Barakani,-12.1356,44.4317,27.63,79,95,3.79,KM,2023-04-22 03:34:13
401,Birzebbuga,35.8258,14.5269,15.08,100,20,5.14,MT,2023-04-22 03:34:14
402,Ende,-8.8432,121.6623,29.54,58,3,1.63,ID,2023-04-22 03:34:15
403,Thika,-1.0333,37.0693,18.76,96,100,1.52,KE,2023-04-22 03:34:15
404,Riasi,33.0833,74.8333,20.89,49,99,1.08,IN,2023-04-22 03:34:16
405,Cururupu,-1.8283,-44.8683,23.59,96,33,1.42,BR,2023-04-22 03:34:16
406,Zapala,-38.8992,-70.0544,9.58,75,37,0.35,AR,2023-04-22 03:34:17
407,Tual,-5.6667,132.75,28.37,78,100,5.48,ID,2023-04-22 03:34:18
408,Kudahuvadhoo,2.6708,72.8944,28.95,71,18,2.12,MV,2023-04-22 03:34:18
409,Nagqu,31.5,92.0,-0.25,62,100,5.26,CN,2023-04-22 03:34:19
410,Carbonear,47.7332,-53.2148,2.3,94,100,8.7,CA,2023-04-22 03:34:20
411,Yamada,39.4667,141.95,12.64,33,91,4.07,JP,2023-04-22 03:34:20
412,San Luis De La Loma,17.2706,-100.8939,25.53,75,36,2.78,MX,2023-04-22 03:34:21
413,Freeport,40.6576,-73.5832,13.88,82,100,6.17,US,2023-04-22 03:34:21
414,Cidreira,-30.1811,-50.2056,19.53,77,9,6.24,BR,2023-04-22 03:34:22
415,Palikir - National Government Center,6.9248,158.1611,27.47,94,100,2.57,FM,2023-04-22 03:34:23
416,Kousa,25.9141,32.7636,21.47,19,83,1.9,EG,2023-04-22 03:34:23
417,Kletskaya,49.3145,43.0584,7.81,82,92,3.66,RU,2023-04-22 03:34:24
418,Tangalle,6.024,80.7911,30.09,71,91,2.8,LK,2023-04-22 03:34:25
419,Sandnessjoen,66.0217,12.6316,6.29,96,100,0.89,NO,2023-04-22 03:34:25
420,Adalaj,23.1667,72.5833,27.92,57,20,4.12,IN,2023-04-22 03:34:26
421,Dzhalagash,45.0833,64.6667,14.15,15,96,8.24,KZ,2023-04-22 03:34:26
422,Lucas,41.6501,-83.6666,8.98,88,0,4.12,US,2023-04-22 03:34:27
423,Acarau,-2.8856,-40.12,24.44,87,15,4.79,BR,2023-04-22 03:34:28
424,Luderitz,-26.6481,15.1594,12.31,80,62,3.03,NA,2023-04-22 03:30:15
425,Lazaro Cardenas,17.9583,-102.2,24.96,75,25,2.68,MX,2023-04-22 03:34:29
426,Okhotsk,59.3833,143.3,3.19,77,98,3.22,RU,2023-04-22 03:34:30
427,Sinabang,2.4803,96.3801,29.88,68,10,0.92,ID,2023-04-22 03:34:30
428,Nombre De Dios,23.85,-104.2333,19.75,22,75,0.4,MX,2023-04-22 03:34:31
429,Burkburnett,34.0979,-98.5706,14.94,34,0,4.12,US,2023-04-22 03:34:31
430,Les Cayes,18.2,-73.75,23.06,84,11,2.37,HT,2023-04-22 03:34:32
431,Cruzeiro Do Sul,-29.5128,-51.9853,16.16,91,23,1.46,BR,2023-04-22 03:34:33
432,Roven'Ky,48.0833,39.3776,6.49,92,100,1.9,UA,2023-04-22 03:34:33
433,Nurlat,54.4277,50.8051,8.25,77,100,5.44,RU,2023-04-22 03:34:34
434,Brookings,44.3114,-96.7984,-0.81,86,100,8.75,US,2023-04-22 03:34:35
435,Masterton,-40.9597,175.6575,15.13,99,100,1.77,NZ,2023-04-22 03:34:35
436,Loch Garman,52.3342,-6.4575,6.61,100,66,1.34,IE,2023-04-22 03:34:36
437,Mabaruma,8.2,-59.7833,23.61,98,100,0.97,GY,2023-04-22 03:34:36
438,Strelka,58.0728,93.0344,1.55,85,100,0.64,RU,2023-04-22 03:34:37
439,Ishigaki,24.3448,124.1572,24.07,73,75,5.14,JP,2023-04-22 03:32:09
440,Bijie,27.3125,105.2942,19.62,70,98,2.59,CN,2023-04-22 03:34:38
441,Balykshi,47.0667,51.8667,11.0,76,0,6.0,KZ,2023-04-22 03:34:39
442,Mao,39.8885,4.2658,14.31,100,0,3.09,ES,2023-04-22 03:34:39
443,Lupane,-18.9315,27.807,15.57,72,60,2.3,ZW,2023-04-22 03:34:40
444,Yeed,4.55,43.0333,25.62,77,100,3.28,SO,2023-04-22 03:34:41
445,Sedro-Woolley,48.5039,-122.2361,11.2,77,20,0.0,US,2023-04-22 03:34:42
446,Turkeli,41.9476,34.3386,11.03,81,58,6.58,TR,2023-04-22 03:34:43
447,Dwarka,22.2394,68.9678,27.84,69,23,6.04,IN,2023-04-22 03:34:43
448,Antonio Enes,-16.2325,39.9086,24.49,85,38,1.94,MZ,2023-04-22 03:34:44
449,Mufumbwe,-13.6833,24.8,16.49,91,100,1.51,ZM,2023-04-22 03:34:45
450,Warin Chamrap,15.1932,104.8628,36.62,52,0,2.57,TH,2023-04-22 03:32:05
451,Laguna,38.421,-121.4238,24.1,32,0,3.6,US,2023-04-22 03:34:46
452,Hami,42.8,93.45,17.43,8,100,4.5,CN,2023-04-22 03:32:54
453,Point Pleasant,40.0832,-74.0682,12.92,86,80,1.34,US,2023-04-22 03:34:48
454,Tianpeng,30.9866,103.9393,17.26,90,100,1.41,CN,2023-04-22 03:32:16
455,Ribeira,42.7461,-8.4439,11.44,58,75,25.93,ES,2023-04-22 03:34:50
456,San Pedro Pochutla,15.7333,-96.4667,27.06,74,65,3.13,MX,2023-04-22 03:34:50
457,Port-Gentil,-0.7193,8.7815,27.37,77,99,3.15,GA,2023-04-22 03:34:51
458,Yokadouma,3.5167,15.05,20.38,99,100,1.04,CM,2023-04-22 03:34:52
459,Abomsa,9.9833,39.9833,19.75,80,100,1.3,ET,2023-04-22 03:34:35
460,Axim,4.8699,-2.2405,26.69,85,100,2.53,GH,2023-04-22 03:34:54
461,Verdal,63.7933,11.4817,1.02,78,8,1.56,NO,2023-04-22 03:34:54
462,Cooma,-36.2333,149.1333,21.39,31,0,0.47,AU,2023-04-22 03:34:55
463,Goure,13.9835,10.2704,26.79,32,78,4.67,NE,2023-04-22 03:34:56
464,Mek'Ele,13.4967,39.4753,15.77,86,34,5.66,ET,2023-04-22 03:34:56
465,Abashiri,44.0213,144.2697,6.16,65,75,8.23,JP,2023-04-22 03:30:11
466,Murzuq,25.9155,13.9184,23.14,17,58,0.85,LY,2023-04-22 03:34:58
467,Palopo,-2.9996,120.1921,28.35,73,85,2.07,ID,2023-04-22 03:34:58
468,Deqen,29.9618,90.7188,8.47,27,99,4.83,CN,2023-04-22 03:34:59
469,El-Tor,28.2364,33.6254,20.08,68,0,7.72,EG,2023-04-22 03:35:00
470,Cheremukhovo,60.3484,59.9851,5.25,74,99,0.28,RU,2023-04-22 03:35:01
471,Dryden,49.7833,-92.7503,-3.84,86,100,5.66,CA,2023-04-22 03:35:02
472,Sheki,41.1919,47.1706,13.92,67,14,1.89,AZ,2023-04-22 03:35:02
473,Salekhard,66.53,66.6019,-4.47,90,98,1.5,RU,2023-04-22 03:35:03
474,Bentota,6.4254,79.9948,29.52,73,81,2.48,LK,2023-04-22 03:35:05
475,Huron,41.1501,-82.5499,7.76,89,100,2.54,US,2023-04-22 03:35:05
476,Okha,53.5739,142.9478,0.36,86,100,8.66,RU,2023-04-22 03:35:06
477,Irtyshsk,53.3333,75.4572,6.61,42,31,5.98,KZ,2023-04-22 03:35:07
478,Xinzhou,38.4092,112.7333,6.2,78,100,0.97,CN,2023-04-22 03:35:07
479,Auki,-8.7676,160.7034,29.94,65,25,1.2,SB,2023-04-22 03:35:08
480,Turpan,42.9333,89.1667,21.26,10,94,2.43,CN,2023-04-22 03:35:09
481,Ibshaway,29.358,30.6814,16.55,67,99,5.46,EG,2023-04-22 03:35:09
482,Golden Valley,45.0097,-93.3491,1.41,82,100,5.14,US,2023-04-22 03:35:10
483,Xichang,27.8964,102.2634,26.69,26,3,2.86,CN,2023-04-22 03:34:03
484,Uba,-21.12,-42.9428,18.55,79,100,1.34,BR,2023-04-22 03:35:11
485,Mbandaka,0.0487,18.2603,21.16,97,100,1.37,CD,2023-04-22 03:35:12
486,Gadani,25.1185,66.7299,28.12,71,0,5.92,PK,2023-04-22 03:35:12
487,Zwedru,6.0667,-8.1281,22.38,96,82,1.4,LR,2023-04-22 03:35:13
488,Severodvinsk,64.5635,39.8302,0.06,97,100,5.08,RU,2023-04-22 03:35:14
489,Tofol,5.3248,163.0078,30.88,74,75,5.14,FM,2023-04-22 03:35:15
490,Haiku-Pauwela,20.9219,-156.3051,27.01,68,40,3.09,US,2023-04-22 03:35:16
491,Port Isabel,26.0734,-97.2086,24.48,94,0,3.09,US,2023-04-22 03:35:17
492,Floro,61.5996,5.0328,5.98,87,3,2.57,NO,2023-04-22 03:35:17
493,Susuman,62.7833,148.1667,-1.37,75,98,4.0,RU,2023-04-22 03:35:18
494,Merritt,50.1123,-120.7942,1.48,94,100,1.18,CA,2023-04-22 03:35:18
495,Bako,5.7833,36.5667,17.65,86,96,1.73,ET,2023-04-22 03:35:19
496,Agropoli,40.3469,14.9966,11.72,76,22,1.84,IT,2023-04-22 03:35:20
497,Angaur State,6.906,134.13,28.7,72,98,2.4,PW,2023-04-22 03:35:20
498,Madinat Ash Shamal,26.1293,51.2009,25.84,40,11,1.98,QA,2023-04-22 03:35:21
499,Rongelap,11.1635,166.8941,27.31,73,97,8.19,MH,2023-04-22 03:35:22
500,Fort Myers Shores,26.7092,-81.7459,24.43,84,0,1.54,US,2023-04-22 03:35:22
501,Port Saint John'S,-31.6229,29.5448,16.28,67,100,1.93,ZA,2023-04-22 03:35:23
502,Topes De Collantes,21.9139,-80.0189,18.38,81,42,1.48,CU,2023-04-22 03:35:24
503,Rasskazovo,52.6714,41.9033,6.88,85,100,6.07,RU,2023-04-22 03:35:24
504,Sao Tome,0.3365,6.7273,26.88,79,87,1.78,ST,2023-04-22 03:35:25
505,Sita Road,27.0333,67.85,33.96,12,1,2.91,PK,2023-04-22 03:35:25
506,Monte Argentario,42.4345,11.1195,8.89,75,99,1.98,IT,2023-04-22 03:35:26
507,Vilyuysk,63.7553,121.6247,-2.14,77,100,4.36,RU,2023-04-22 03:35:27
508,Altus,34.6381,-99.334,15.04,29,0,5.14,US,2023-04-22 03:35:27
509,Portland,45.5234,-122.6762,13.12,71,100,2.06,US,2023-04-22 03:35:28
510,Taulaga,-11.0553,-171.0883,28.72,76,35,6.41,AS,2023-04-22 03:35:29
511,Margate,51.3813,1.3862,6.61,92,93,2.29,GB,2023-04-22 03:35:29
512,Zag,46.9441,99.165,2.0,15,1,2.95,MN,2023-04-22 03:35:30
513,Vigan,17.5747,120.3869,32.18,89,70,5.39,PH,2023-04-22 03:35:30
514,Al Bardiyah,31.7561,25.0865,16.9,61,94,5.16,LY,2023-04-22 03:35:31
515,Spring Creek,40.7266,-115.5859,9.83,85,99,1.04,US,2023-04-22 03:35:32
516,Ixtapa,20.7,-105.2,23.57,78,20,2.06,MX,2023-04-22 03:35:32
517,Sassandra,4.95,-6.0833,25.37,88,100,2.58,CI,2023-04-22 03:35:33
518,Nanping,26.645,118.1736,25.88,65,83,1.49,CN,2023-04-22 03:32:00
519,Chadron,42.8294,-102.9999,0.82,55,100,7.72,US,2023-04-22 03:35:34
520,Kharovsk,59.9642,40.1912,5.66,82,98,1.03,RU,2023-04-22 03:35:35
521,Martapura,-3.4167,114.85,32.05,62,40,0.0,ID,2023-04-22 03:35:37
522,Nelson Bay,-32.7167,152.15,22.27,74,17,2.24,AU,2023-04-22 03:34:08
523,Sungai Penuh,-2.0833,101.3833,24.61,80,77,0.69,ID,2023-04-22 03:35:38
524,Francistown,-21.17,27.5079,18.96,36,99,2.55,BW,2023-04-22 03:35:39
525,Big Park,34.7803,-111.7627,20.47,22,0,2.06,US,2023-04-22 03:35:40
526,Baardheere,2.3446,42.2764,27.48,71,98,4.0,SO,2023-04-22 03:35:41
527,Copiapo,-27.3667,-70.3333,13.83,74,100,1.09,CL,2023-04-22 03:35:41
528,Silale,55.4906,22.1814,6.18,76,8,1.26,LT,2023-04-22 03:35:42
529,Inhambane,-23.865,35.3833,20.65,90,73,2.21,MZ,2023-04-22 03:35:42
530,Kelty,56.1336,-3.3869,6.28,62,75,3.58,GB,2023-04-22 03:35:43
531,Troitsk,54.0979,61.5773,11.6,55,100,4.43,RU,2023-04-22 03:35:44
532,Keelung,25.1283,121.7419,25.03,73,58,3.8,TW,2023-04-22 03:35:44
533,Camana,-16.6228,-72.7111,20.74,88,26,1.45,PE,2023-04-22 03:35:45
534,Thief River Falls,48.1191,-96.1812,-0.47,100,100,4.63,US,2023-04-22 03:35:46
535,Kaman,27.65,77.2667,31.82,20,2,1.61,IN,2023-04-22 03:35:46
536,Livingston,55.9029,-3.5226,7.85,79,0,2.06,GB,2023-04-22 03:35:47
537,Hirara,24.8,125.2833,24.92,69,40,5.66,JP,2023-04-22 03:31:45
538,Winnemucca,40.973,-117.7357,13.03,41,0,4.63,US,2023-04-22 03:35:48
539,Kapiri Mposhi,-13.9652,28.6809,16.16,94,100,2.06,ZM,2023-04-22 03:35:49
540,Cill Airne,52.05,-9.5167,4.51,96,61,1.95,IE,2023-04-22 03:35:50
541,Degtyarsk,56.704,60.0879,3.18,80,100,3.15,RU,2023-04-22 03:35:50
542,Coahuayana De Hidalgo,18.7,-103.6583,22.17,84,30,1.14,MX,2023-04-22 03:35:51
543,Lashio,22.9333,97.75,31.82,30,100,1.49,MM,2023-04-22 03:34:29
544,Huarmey,-10.0681,-78.1522,24.43,81,57,4.01,PE,2023-04-22 03:35:52
545,Tsetserleg,47.475,101.4542,1.79,16,22,3.87,MN,2023-04-22 03:35:53
546,Minas,-34.3759,-55.2377,12.84,89,100,3.53,UY,2023-04-22 03:35:53
547,Al Jawf,29.5,38.75,19.29,29,100,2.08,SA,2023-04-22 03:35:54
548,Leshan,29.5623,103.7639,16.62,77,100,2.06,CN,2023-04-22 03:31:33
549,Kalifornsky,60.4183,-151.29,13.19,26,0,3.09,US,2023-04-22 03:35:55
550,Saldanha,-33.0117,17.9442,12.03,60,100,0.44,ZA,2023-04-22 03:35:56
551,Punta De Bombon,-17.1717,-71.7931,20.59,84,62,1.47,PE,2023-04-22 03:35:56
552,Ad Dilam,23.9915,47.1627,25.23,31,100,0.86,SA,2023-04-22 03:35:57
553,Rio Tuba,8.5061,117.4317,30.24,65,9,5.97,PH,2023-04-22 03:35:58
554,Karlskrona,56.1616,15.5866,-0.75,57,18,0.83,SE,2023-04-22 03:35:59
555,Soresina,45.2865,9.857,12.04,84,100,2.12,IT,2023-04-22 03:36:00
556,Kapuskasing,49.4169,-82.4331,1.05,100,100,2.06,CA,2023-04-22 03:36:02
557,Waingapu,-9.6567,120.2641,28.26,76,92,6.01,ID,2023-04-22 03:36:03
558,Sakit,27.45,78.8167,33.47,18,75,2.68,IN,2023-04-22 03:34:22
559,Xining,36.6167,101.7667,6.79,54,100,2.97,CN,2023-04-22 03:35:56
560,Gulf Breeze,30.3571,-87.1639,22.03,94,20,1.54,US,2023-04-22 03:36:04
561,Necochea,-38.5473,-58.7368,15.68,74,100,3.97,AR,2023-04-22 03:36:05
562,Phan Thiet,10.9333,108.1,31.56,65,65,4.25,VN,2023-04-22 03:34:07
563,Richards Bay,-28.783,32.0377,18.1,74,100,1.33,ZA,2023-04-22 03:36:06
564,Edgewater,28.9889,-80.9023,23.34,81,48,3.94,US,2023-04-22 03:36:07
